id,x,y,z,energy,ss,pdr,delay,direct_trust,indirect_trust,fitness,final_trust,malicious
0,1270.707113533034,292.3928678743384,610.4501766595104,0.49227285326170345,15.356511398631817,36.26922464001966,198.90039098580675,0.5,0.5,0.0,0.5,True
1,1331.6309612060086,609.5696167965606,652.0968886650548,0.7208588636922979,20.170056012658392,38.48870337881415,85.46896355583361,0.5,0.5,0.0,0.5,False
2,61.480078957777096,827.511820864558,480.0710306691684,0.9817274148708803,87.17662196473844,94.45781635974784,82.90737303257201,0.5,0.5,0.0,0.5,False
3,1031.6265019335342,407.80073647676784,632.391888628344,0.34288388294824335,62.02954505588198,58.544259868799294,72.32603303590979,0.5,0.5,0.0,0.5,False
4,1075.7546426172223,522.5852633368945,579.0163338057116,0.7713899182582835,57.19812626521012,59.445416051818356,20.099624933557404,0.5,0.5,0.0,0.5,False
5,1080.5122611090292,534.7695186988273,491.65373269416375,0.5931965948950897,59.802932855284524,45.99264394713686,31.700920583324574,0.5,0.5,0.0,0.5,False
6,1473.4008983442172,245.7636284832601,437.92157534294415,0.7045054516346703,20.735742326098816,93.79748036746584,61.839703700940326,0.5,0.5,0.0,0.5,False
7,1389.3416444093564,521.6278737992607,721.9726716194706,0.937855591529204,99.33906484512416,41.05375110626511,11.754628090666792,0.5,0.5,0.0,0.5,False
